Workbook

Sheet Sheet1
A1: Name | B1: Team | C1: Age | D1: Position | E1: Round | F1: Venue | G1: Opponent | H1: OppLv | I1: Result | J1: Minutes played | K1: Rating | L1: T+I Total | M1: Clearances | N1: PassAcc% | O1: KeyPass | P1: SoT | Q1: xG | R1: T+I_90 | S1: Clearances_90 | T1: KeyPass_90 | U1: SoT_90 | V1: xG_90
A2: Abdelkabir Abqar | B2: Alaves | D2: DF | E2: 1 | F2: Away | G2: Celta | H2: =VLOOKUP(G2, 'Opponent Level'!$A$2:$B$21, 2, FALSE) -> 2 | I2: L | J2: 90 | K2: 6 | L2: 3 | M2: 1 | N2: 59.26 | O2: 0 | P2: 0 | Q2: 0 | R2: 3 | S2: 1 | T2: 0 | U2: 0 | V2: 0
A3: Adrián Pica | B3: Alaves | D3: DF | E3: 1 | F3: Away | G3: Celta | H3: =VLOOKUP(G3, 'Opponent Level'!$A$2:$B$21, 2, FALSE) -> 2 | I3: L | J3: 0 | K3: 0 | L3: 0 | M3: 0 | N3: 0 | O3: 0 | P3: 0 | Q3: 0 | R3: 0 | S3: 0 | T3: 0 | U3: 0 | V3: 0
A4: Adrián Rodríguez | B4: Alaves | D4: GK | E4: 1 | F4: Away | G4: Celta | H4: =VLOOKUP(G4, 'Opponent Level'!$A$2:$B$21, 2, FALSE) -> 2 | I4: L | J4: 0 | K4: 0 | L4: 0 | M4: 0 | N4: 0 | O4: 0 | P4: 0 | Q4: 0 | R4: 0 | S4: 0 | T4: 0 | U4: 0 | V4: 0
A5: Aleksandar Sedlar | B5: Alaves | D5: DF | E5: 1 | F5: Away | G5: Celta | H5: =VLOOKUP(G5, 'Opponent Level'!$A$2:$B$21, 2, FALSE) -> 2 | I5: L | J5: 0 | K5: 0 | L5: 0 | M5: 0 | N5: 0 | O5: 0 | P5: 0 | Q5: 0 | R5: 0 | S5: 0 | T5: 0 | U5: 0 | V5: 0
A6: Ander Guevara | B6: Alaves | D6: MF | E6: 1 | F6: Away | G6: Celta | H6: =VLOOKUP(G6, 'Opponent Level'!$A$2:$B$21, 2, FALSE) -> 2 | I6: L | J6: 80 | K6: 6.8 | L6: 1 | M6: 1 | N6: 80.49 | O6: 1 | P6: 0 | Q6: 0 | R6: 1.12 | S6: 1.12 | T6: 1.12 | U6: 0 | V6: 0
A7: Antonio Blanco | B7: Alaves | D7: MF | E7: 1 | F7: Away | G7: Celta | H7: =VLOOKUP(G7, 'Opponent Level'!$A$2:$B$21, 2, FALSE) -> 2 | I7: L | J7: 90 | K7: 7.3 | L7: 2 | M7: 1 | N7: 88.57 | O7: 1 | P7: 0 | Q7: 0.059 | R7: 2 | S7: 1 | T7: 1 | U7: 0 | V7: 0.06
A8: Antonio Sivera | B8: Alaves | D8: GK | E8: 1 | F8: Away | G8: Celta | H8: =VLOOKUP(G8, 'Opponent Level'!$A$2:$B$21, 2, FALSE) -> 2 | I8: L | J8: 90 | K8: 6.4 | L8: 0 | M8: 0 | N8: 35.48 | O8: 0 | P8: 0 | Q8: 0 | R8: 0 | S8: 0 | T8: 0 | U8: 0 | V8: 0
A9: Asier Villalibre | B9: Alaves | D9: FW | E9: 1 | F9: Away | G9: Celta | H9: =VLOOKUP(G9, 'Opponent Level'!$A$2:$B$21, 2, FALSE) -> 2 | I9: L | J9: 10 | K9: 6.2 | L9: 0 | M9: 0 | N9: 100 | O9: 0 | P9: 1 | Q9: 0.3324 | R9: 0 | S9: 0 | T9: 0 | U9: 9 | V9: 2.99
A10: Carlos Benavídez | B10: Alaves | D10: MF | E10: 1 | F10: Away | G10: Celta | H10: =VLOOKUP(G10, 'Opponent Level'!$A$2:$B$21, 2, FALSE) -> 2 | I10: L | J10: 10 | K10: 6.7 | L10: 0 | M10: 0 | N10: 60 | O10: 1 | P10: 0 | Q10: 0 | R10: 0 | S10: 0 | T10: 9 | U10: 0 | V10: 0
A11: Carlos Vicente | B11: Alaves | D11: MF | E11: 1 | F11: Away | G11: Celta | H11: =VLOOKUP(G11, 'Opponent Level'!$A$2:$B$21, 2, FALSE) -> 2 | I11: L | J11: 90 | K11: 6.7 | L11: 4 | M11: 0 | N11: 91.18 | O11: 2 | P11: 0 | Q11: 0 | R11: 4 | S11: 0 | T11: 2 | U11: 0 | V11: 0
A12: Eneko Ortiz | B12: Alaves | D12: DF | E12: 1 | F12: Away | G12: Celta | H12: =VLOOKUP(G12, 'Opponent Level'!$A$2:$B$21, 2, FALSE) -> 2 | I12: L | J12: 0 | K12: 0 | L12: 0 | M12: 0 | N12: 0 | O12: 0 | P12: 0 | Q12: 0 | R12: 0 | S12: 0 | T12: 0 | U12: 0 | V12: 0
A13: Hugo Novoa | B13: Alaves | D13: MF | E13: 1 | F13: Away | G13: Celta | H13: =VLOOKUP(G13, 'Opponent Level'!$A$2:$B$21, 2, FALSE) -> 2 | I13: L | J13: 32 | K13: 6.4 | L13: 0 | M13: 1 | N13: 87.5 | O13: 0 | P13: 0 | Q13: 0.4866 | R13: 0 | S13: 2.81 | T13: 0 | U13: 0 | V13: 1.37
... A16926: Yéremy Pino | B16926: Villarreal | D16926: MF | E16926: 38 | F16926: Home | G16926: Sevilla | H16926: =VLOOKUP(G16926, 'Opponent Level'!$A$2:$B$21, 2, FALSE) -> 5 | I16926: W | J16926: 56 | K16926: 7.9 | L16926: 3 | M16926: 0 | N16926: 85 | O16926: 0 | P16926: 1 | Q16926: 0.0754 | R16926: 4.82 | S16926: 0 | T16926: 0 | U16926: 1.61 | V16926: 0.12

Sheet Sheet3
A1: Name | B1: Minutes played | C1: Team
A2: Abdelkabir Abqar | B2: 2463 | C2: Alaves
A3: Abdessamad Ezzalzouli | B3: 1984 | C3: Betis
A4: Abdul Mumin | B4: 2017 | C4: Rayo Vallecano
A5: Abel Bretones | B5: 2074 | C5: Osasuna
A6: Abel Ruíz | B6: 1346 | C6: Girona
A7: Adama Boiro | B7: 1101 | C7: Athletic Club
A8: Adrià Altimira | B8: 1630 | C8: Leganes
A9: Adrià Pedrosa | B9: 2298 | C9: Sevilla
A10: Adrián | B10: 1710 | C10: Betis
A11: Adrián Embarba | B11: 1607 | C11: Rayo Vallecano
A12: Aihen Muñoz | B12: 1098 | C12: Real Sociedad
A13: Aimar Oroz | B13: 2966 | C13: Osasuna
... A323: Yvan Neyou | B323: 2312 | C323: Leganes

Sheet Opponent Level
A1: Team | B1: Rank
A2: Barcelona | B2: 1
A3: Real Madrid | B3: 1
A4: Atletico Madrid | B4: 1
A5: Athletic Club | B5: 1
A6: Villarreal | B6: 2
A7: Betis | B7: 2
A8: Celta | B8: 2
A9: Rayo Vallecano | B9: 2
A10: Osasuna | B10: 3
A11: Mallorca | B11: 3
A12: Real Sociedad | B12: 3
A13: Valencia | B13: 3
... A21: Valladolid | B21: 5
